1row,OneRow
3-d,ThreeD
3d_diagonal,ThreeDDiagonal
3x5,ThreeByFive
4max,FourMax
5lineoblique,FiveLineOblique
amc3line,Amc3Line
amc3liv1,Amc3Liv1
amcaaa01,AmcAaa01
amcneko,AmcNeko
amcrazo2,AmcRazor2
amcrazor,AmcRazor
amcslash,AmcSlash
amcslder,AmcSlder
amcthin,AmcThin
amctubes,AmcTubes
amcun1,AmcUn1
barbwire,BarbWire
bigchief,BigChief
bigfig,BigFig
broadway_kb,BroadwayKB
calgphy2,Caligraphy2
catwalk,CatWalk
cyberlarge,CyberLarge
cybermedium,CyberMedium
cybersmall,CyberSmall
dancingfont,DancingFont
defleppard,DefLeppard
dietcola,DietCola
dosrebel,DosRebel
dotmatrix,DotMatrix
doubleshorts,DoubleShorts
drpepper,DRPepper
dwhistled,DWhistled
eftichess,EftiChess
eftifont,EftiFont
eftipiti,EftiPiti
eftirobot,EftiRobot
eftitalic,EftiItalic
eftiwall,EftiWall
eftiwater,EftiWater
flowerpower,FlowerPower
fourtops,FourTops
funface,FunFace
funfaces,FunFaces
georgi16,Georgia16
Georgia11,Georgia11
henry3d,Henry3d
horizontalleft,HorizontalLeft
horizontalright,HorizontalRight
kontoslant,KontoSlant
larry3d,Larry3d
lildevil,LilDevil
lineblocks,LineBlocks
lockergnome,LockerGnome
maxfour,MaxFour
mshebrew210,Mshebrew210
nancyj,NancyJ
nancyj-fancy,NancyJFancy
nancyj-improved,NancyJImproved
nancyj-underlined,NancyJUnderlined
nscript,NScript
ntgreek,NTGreek
nvscript,NVScript
oldbanner,OldBanner
os2,OS2
peaksslant,PeaksSlant
rowancap,RowanCap
santaclara,SantaClara
sblood,SBlood
slscript,ScriptSlant
serifcap,SerifCap
smallcaps,SmallCaps
smisome1,IsometricSmall
smkeyboard,KeyboardSmall
smpoison,PoisonSmall
smscript,ScriptSmall
smshadow,ShadowSmall
smslant,SlantSmall
smtengwar,TengwarSmall
threepoint,ThreePoint
ticksslant,TicksSlant
tinker-toy,TinkerToy
twopoint,TwoPoint
usaflag,UsaFlag
wetletter,WetLetter
